1;Абабурово;Baburova;Московская обл.;true
2;Абакан;Abakan;Хакасия респ.;true
3;Аббакумово;Abbakumovo;Московская обл.;true
4;Абинск;Abinsk;Краснодарский край;true
5;Ачинск;Achinsk;Красноярский край;true
6;Адыгейск;Adygejsk;Адыгея респ.;true
7;Афипский;Afipskij;Краснодарский край;true
8;Агаповка;Agapovka;Челябинская обл.;true
9;Ахтубинск;Ahtubinsk;Астраханская обл.;true
10;Аксай;Aksaj;Западно-Казахстанская обл.;true
11;Аксай;Aksaj;Ростовская обл.;true
12;Аксу;Aksu;Павлодарская обл.;true
13;Актау;Aktau;Мангистауская обл.;true
14;Актобе;Aktobe;Актюбинская обл.;true
15;Алатырь;Alatyr;Чувашия респ.;true
16;Алдан;Aldan;Саха (Якутия) респ.;true
17;Алейск;Alejsk;Алтайский край;true
18;Александров;Aleksandrov;Владимирская обл.;true
19;Александровское;Aleksandrovskoe;Ставропольский край;true
20;Алексеевка;Alekseevсa;Белгородская обл.;true
21;Алексин;Aleksin;Тульская обл.;true
22;Алматы;Almaty;Алматинская обл.;true
23;Альметьевск;Almetevsk;Татарстан респ.;true
24;Алушта;Alushta;Крым респ.;true
25;Амурск;Amursk;Хабаровский край;true
26;Анадырь;Anadyr;Чукотский авт. округ;true
27;Анапа;Anapa;Краснодарский край;true
28;Андреевка;Andreevka;Московская обл.;true
29;Ангарск;Angarsk;Иркутская обл.;true
30;Ангелово;Angelovo;Московская обл.;true
31;Анискино;Aniskin;Московская обл.;true
32;Анива;Aniva;Сахалинская обл.;true
33;Анкудиновка;Ankudinovka;Нижегородская обл.;true
34;Анна;Anna;Воронежская обл.;true
35;Анжеро-Судженск;Anzhero-Sudzhensk;Кемеровская обл.;true
36;Апаринки;Aparin;Московская обл.;true
37;Апатиты;Apatity;Мурманская обл.;true
38;Апрелевка;Aprelevka;Московская обл.;true
39;Апшеронск;Apsheronsk;Краснодарский край;true
40;Ардон;Ardon;Северная Осетия-Алания респ.;true
41;Архангельск;Arhangelsk;Архангельская обл.;true
42;Армавир;Armavir;Краснодарский край;true
43;Арсеньев;Arsenev;Приморский край;true
44;Артем;Artem;Приморский край;true
45;Артемовский;Artemovskij;Свердловская обл.;true
46;Арзамас;Arzamas;Нижегородская обл.;true
47;Асбест;Asbest;Свердловская обл.;true
48;Асино;Asino;Томская обл.;true
49;Астрахань;Astrahan;Астраханская обл.;true
50;Аткарск;Atkarsk;Саратовская обл.;true
51;Атырау;Atyrau;Атырауская обл.;true
52;Азнакаево;Aznakaevo;Татарстан респ.;true
53;Азов;Azov;Ростовская обл.;true
54;Бабынино;Babynino;Калужская обл.;true
55;Бахчисарай;Bahchisaraj;Крым респ.;true
56;Баксан;Baksan;Кабардино-Балкарская респ.;true
57;Балабаново;Balabanovo;Калужская обл.;true
58;Балахна;Balahna;Нижегородская обл.;true
59;Балаково;Balakovo;Саратовская обл.;true
60;Балашиха;Balashiha;Московская обл.;true
61;Балашов;Balashov;Саратовская обл.;true
62;Балезино;Balezino;Удмуртская респ.;true
63;Балтийск;Baltijsk;Калининградская обл.;true
64;Барабинск;Barabinsk;Новосибирская обл.;true
65;Баранцево;Barancevo;Московская обл.;true
66;Барнаул;Barnaul;Алтайский край;true
67;Барвиха;Barviha;Московская обл.;true
68;Барыбино;Barybino;Московская обл.;true
69;Батайск;Batajsk;Ростовская обл.;true
70;Бавлы;Bavly;Татарстан респ.;true
71;Бекасово;Bekasovo;Московская обл.;true
72;Белая Калитва;Belaya Kalitva;Ростовская обл.;true
73;Белебей;Belebej;Башкортостан респ.;true
74;Белгород;Belgorod;Белгородская обл.;true
75;Белогорск;Belogorsk;Амурская обл.;true
76;Белокуриха;Belokuriha;Алтайский край;true
77;Белоозерский;Beloozerskij;Московская обл.;true
78;Белореченск;Belorechensk;Краснодарский край;true
79;Белорецк;Beloreck;Башкортостан респ.;true
80;Белоусово;Belousovo;Калужская обл.;true
81;Белово;Belovo;Кемеровская обл.;true
82;Белые Столбы;Belyye Stolby;Московская обл.;true
83;Бердск;Berdsk;Новосибирская обл.;true
84;Березники;Berezniki;Пермский край;true
85;Березовский;Berezovskij;Кемеровская обл.;true
86;Березовский;Berezovskij;Свердловская обл.;true
87;Бессоновка;Bessonovka;Пензенская обл.;true
88;Безенчук;Bezenchuk;Самарская обл.;true
89;Бежецк;Bezheck;Тверская обл.;true
90;Бийск;Bijsk;Алтайский край;true
91;Биробиджан;Birobidzhan;Еврейская авт. обл.;true
92;Бирск;Birsk;Башкортостан респ.;true
93;Благовещенск;Blagoveshhensk;Амурская обл.;true
94;Благовещенск;Blagoveshhensk (Bashkortostan resp.);Башкортостан респ.;true
95;Боброво;Bobrovo;Московская обл.;true
96;Богданович;Bogdanovich;Свердловская обл.;true
97;Богородицк;Bogorodick;Тульская обл.;true
98;Богородск;Bogorodsk;Нижегородская обл.;true
99;Богородское;Bogorodskoe;Московская обл.;true
100;Боготол;Bogotol;Красноярский край;true
101;Болхов;Bolhov;Орловская обл.;true
102;Бологое;Bologoe;Тверская обл.;true
103;Большие Вяземы;Bolshiye Vyazemy;Московская обл.;true
104;Большой Камень;Bolshoj Kamen;Приморский край;true
105;Болтино;Boltino;Московская обл.;true
106;Бор;Bor;Нижегородская обл.;true
107;Борилово;Borilovo;Московская обл.;true
108;Борисоглебск;Borisoglebsk;Воронежская обл.;true
109;Бородино;Borodino;Красноярский край;true
110;Бородино;Borodino;Московская обл.;true
111;Боровая;Borovaya;Беларусь;true
112;Боровичи;Borovichi;Новгородская обл.;true
113;Боровлево;Borovlevo;Тверская обл.;true
114;Борзые;Borzye;Московская обл.;true
115;Братовщина;Bratovshhina;Московская обл.;true
116;Братск;Bratsk;Иркутская обл.;true
117;Брехово;Brehovo;Московская обл.;true
118;Брест;Brest;Беларусь;true
119;Бронницы;Bronnicy;Московская обл.;true
120;Брянск;Bryansk;Брянская обл.;true
121;Брюховецкая;Bryuhoveckaya;Краснодарский край;true
122;Буденновск;Budennovsk;Ставропольский край;true
123;Бугры Поселок;Bygry Poselok;Ленинградская обл.;true
124;Бугульма;Bugulma;Татарстан респ.;true
125;Бугуруслан;Buguruslan;Оренбургская обл.;true
126;Буй;Buj;Костромская обл.;true
127;Буйнакск;Bujnaksk;Дагестан респ.;true
128;Буланаш;Bulanash;Свердловская обл.;true
129;Булатниково;Bulatnikovo;Московская обл.;true
130;Булатниковское;Bulatnikovskoe;Московская обл.;true
131;Бутово;Butovo;Московская обл.;true
132;Бузулук;Buzuluk;Оренбургская обл.;true
133;Быково (Павлово-Посадский);Bykovo;Московская обл.;true
134;Быково (Подольский);Bykovo (Podolskij);Московская обл.;true
135;Быково (Раменский, п);Bykovo (Ramenskij, p);Московская обл.;true
136;Чайковский;Chajkovskij;Пермский край;true
137;Чапаевск;Chapaevsk;Самарская обл.;true
138;Чашниково;Chashnikovo;Московская обл.;true
139;Чебаркуль;Chebarkul;Челябинская обл.;true
140;Чебоксары;Cheboksary;Чувашия респ.;true
141;Чехов;Chehov;Московская обл.;true
142;Челобитьево;Chelobitevo;Московская обл.;true
143;Челябинск;Chelyabinsk;Челябинская обл.;true
144;Черемхово;Cheremhovo;Иркутская обл.;true
145;Череповец;Cherepovec;Вологодская обл.;true
146;Черкесск;Cherkessk;Карачаево-Черкесская респ.;true
147;Черкизово;Cherkizovo;Московская обл.;true
148;Черная;Chernay Grivay;Московская обл.;true
149;Черная Грязь;Chernaya Gryaz;Московская обл.;true
150;Черноголовка;Chernogolovka;Московская обл.;true
151;Черногорск;Chernogorsk;Хакасия респ.;true
152;Чернушка;Chernushka;Пермский край;true
153;Черняховск;Chernyahovsk;Калининградская обл.;true
154;Чертаново;Chertanovo;Московская обл.;true
155;Чишмы;Chishmy;Башкортостан респ.;true
156;Чистополь;Chistopol;Татарстан респ.;true
157;Чита;Chita;Забайкальский край;true
158;Чкаловск;Chkalovsk;Нижегородская обл.;true
159;Чусовой;Chusovoj;Пермский край;true
160;Дагомыс;Dagomys;Краснодарский край;true
161;Давлеканово;Davlekanovo;Башкортостан респ.;true
162;Давыдовское;Davydovskaya;Московская обл.;true
163;Дедово-Талызино;Dedova Of Talyzina;Московская обл.;true
164;Дедовск;Dedovsk;Московская обл.;true
165;Дегтярск;Degtyarsk;Свердловская обл.;true
166;Дербент;Derbent;Дагестан респ.;true
167;Десна;De;Московская обл.;true
168;Десногорск;Desnogorsk;Смоленская обл.;true
169;Десёновское;Desenovskoe;Московская обл.;true
170;Димитровград;Dimitrovgrad;Ульяновская обл.;true
171;Динская;Dinskaya;Краснодарский край;true
172;Дивногорск;Divnogorsk;Красноярский край;true
173;Дмитров;Dmitrov;Московская обл.;true
174;Добрянка;Dobryanka;Пермский край;true
175;Долгое Ледово;Dolgoe Ledovo;Московская обл.;true
176;Долгопрудный;Dolgoprudnyj;Московская обл.;true
177;Долматово;Dolmatovo;Московская обл.;true
178;Домодедово;Domodedovo;Московская обл.;true
179;Донецк;Doneck;Ростовская обл.;true
180;Донской;Donskoj;Тульская обл.;true
181;Дорохово;Dorohovo;Московская обл.;true
182;Дрезна Город;Dezna Gorod;Московская обл.;true
183;Дрожжино;Shake;Московская обл.;true
184;Дубна;Dubna;Московская обл.;true
185;Дубовое;Dubovoe;Белгородская обл.;true
186;Дубровка;Dubrovka;Московская обл.;true
187;Думиничи;Duminichi;Калужская обл.;true
188;Дурниха;Durnya;Московская обл.;true
189;Дятьково;Dyatkovo;Брянская обл.;true
190;Дзержинск;Dzerzhinsk;Нижегородская обл.;true
191;Дзержинский;Dzerzhinskij;Московская обл.;true
192;Джанкой;Dzhankoj;Крым респ.;true
193;Ефремов;Efremov;Тульская обл.;true
194;Егорьевск;Egorevsk;Московская обл.;true
195;Ейск;Ejsk;Краснодарский край;true
196;Екатеринбург;Ekaterinburg;Свердловская обл.;true
197;Экибастуз;Ekibastuz;Павлодарская обл.;true
198;Елабуга;Elabuga;Татарстан респ.;true
199;Елань;Elan;Волгоградская обл.;true
200;Елец;Elec;Липецкая обл.;true
201;Электрогорск;Elektrogorsk;Московская обл.;true
202;Электросталь;Elektrostal;Московская обл.;true
203;Электроугли;Elektrougli;Московская обл.;true
204;Елино (Солнечногорский);Jelinek (Solnechnogorsk);Московская обл.;true
205;Элиста;Elista;Калмыкия респ.;true
206;Елизаветинская;Elizavetinskaya;Краснодарский край;true
207;Елизово;Elizovo;Камчатский край;true
208;Энем;Enem;Адыгея респ.;true
209;Энергетик;Energetik;Иркутская обл.;true
210;Энгельс;Engels;Саратовская обл.;true
211;Ессентуки;Essentuki;Ставропольский край;true
212;Ессентукская;Essentukskaya;Ставропольский край;true
213;Евпатория;Evpatoriya;Крым респ.;true
214;Фатеж;Fatezh;Курская обл.;true
215;Федино (Воскресенский);Fedina (Resurrection);Московская обл.;true
216;Федоровский;Fedorovskij;Ханты-Мансийский авт. округ-Югра;true
217;Феодосия;Feodosiya;Крым респ.;true
218;Фокино;Fokino;Брянская обл.;true
219;Фролово;Frolovo;Волгоградская обл.;true
220;Фряново;Fryanovo;Московская обл.;true
221;Фрязино;Fryazino;Московская обл.;true
222;Гагарин;Gagarin;Смоленская обл.;true
223;Гай;Gaj;Оренбургская обл.;true
224;Ганино;Ganino;Кировская обл.;true
225;Гатчина;Gatchina;Ленинградская обл.;true
226;Гаврилов-Ям;Gavrilov-YAm;Ярославская обл.;true
227;Геленджик;Gelendzhik;Краснодарский край;true
228;Георгиевск;Georgievsk;Ставропольский край;true
229;Глазов;Glazov;Удмуртская респ.;true
230;Глазово (Дмитровский);Glazovo (Dmitrov);Московская обл.;true
231;Глубокое;Glubokoe;Восточно-Казахстанская обл.;true
232;Глухово;Glukhovo;Московская обл.;true
233;Гольево;Golevo;Московская обл.;true
234;Голицыно;Golicyno;Московская обл.;true
235;Голубое;golyboe;Московская обл.;true
236;Горчаково;Gorchakov;Московская обл.;true
237;Горелово;Gorelovo;Ленинградская обл.;true
238;Горки;Rabble;Московская обл.;true
239;Горки Ленинские;Gorki Leninskie;Московская обл.;true
240;Горки-10;Gorki-10;Московская обл.;true
241;Горно-Алтайск;Gorno-Altajsk;Алтай респ.;true
242;Городец;Gorodec;Нижегородская обл.;true
243;Горшково (Истринский);Gorshkovo (Istrinskiy);Московская обл.;true
244;Горячеводский Поселок;Stavrotolskiy kray;Ставропольский край;true
245;Горячий Ключ;Goryachij Klyuch;Краснодарский край;true
246;Говорово;Govorovo;Московская обл.;true
247;Грибки;Fungi;Московская обл.;true
248;Грозный;Groznyj;Чечня респ.;true
249;Грязи;Gryazi;Липецкая обл.;true
250;Губаха;Gubaha;Пермский край;true
251;Губкин;Gubkin;Белгородская обл.;true
252;Губкино;Gubkin;Московская обл.;true
253;Губкинский;Gubkinskij;Ямало-Ненецкий авт. округ;true
254;Гудермес Город;Gydermes Gorod;Чечня респ.;true
255;Гуково;Gukovo;Ростовская обл.;true
256;Гулькевичи;Gulkevichi;Краснодарский край;true
257;Гурьевск;Gurevsk;Калининградская обл.;true
258;Гурьевск;Gurevsk;Кемеровская обл.;true
259;Гусев;Gusev;Калининградская обл.;true
260;Гусь-Хрустальный;Gus-Hrustalnyj;Владимирская обл.;true
261;Гусиноозерск;Gusinoozersk;Бурятия респ.;true
262;Гвардейск;Gvardejsk;Калининградская обл.;true
263;Хабаровск;Habarovsk;Хабаровский край;true
264;Ханты-Мансийск;Hanty-Mansijsk;Ханты-Мансийский авт. округ-Югра;true
265;Хасавюрт;Hasavyurt;Дагестан респ.;true
266;Химки;Himki;Московская обл.;true
267;Холмск;Holmsk;Сахалинская обл.;true
268;Хотьково;Hotkovo;Московская обл.;true
269;хутор Ленина;hutor Lenina;Ростовская обл.;true
270;Игнатово;Ignatovo;Ивановская обл.;true
271;Игра;Igra;Удмуртская респ.;true
272;Икша;Iksha;Московская обл.;true
273;Иланский;Ilanskij;Красноярский край;true
274;Ильинский;Ilinskij;Московская обл.;true
275;Ильинское (Красногорский);Ilyinskoye (Krasnogorsky);Московская обл.;true
276;Ильинское-Усово Поселок;Iliinskoe_Ysovo Poselok;Московская обл.;true
277;Иловля;Ilovlya;Волгоградская обл.;true
278;Им Свердлова;It Sverdlovo;Ленинградская обл.;true
279;имени Свердлова Городской поселок;imeni Sverdlova Gorodskoi poselok;Ленинградская обл.;true
280;Инта;Inta;Коми респ.;true
281;Ипатово;Ipatovo;Ставропольский край;true
282;Ирбит;Irbit;Свердловская обл.;true
283;Иркутск;Irkutsk;Иркутская обл.;true
284;Ишим;Ishim;Тюменская обл.;true
285;Ишимбай;Ishimbaj;Башкортостан респ.;true
286;Исилькуль;Isilkul;Омская обл.;true
287;Искитим;Iskitim;Новосибирская обл.;true
288;Истра;Istra;Московская обл.;true
289;Ивангород;Ivangorod;Ленинградская обл.;true
290;Иваново;Ivanovo;Ивановская обл.;true
291;Иваново;Ivanovo;Московская обл.;true
292;Ивантеевка;Ivanteevka;Московская обл.;true
293;Ижевск;Izhevsk;Удмуртская респ.;true
294;Изобильный;Izobilnyj;Ставропольский край;true
295;Изварино;Izvarino;Московская обл.;true
296;Йошкар-Ола;Joshkar-Ola;Марий Эл респ.;true
297;Кабардинка;Kabardinka;Краснодарский край;true
298;Кабицыно;Kabitsyno;Калужская обл.;true
299;Качканар;Kachkanar;Свердловская обл.;true
300;Калачинск;Kalachinsk;Омская обл.;true
301;Калач-на-Дону;Kalach-na-Donu;Волгоградская обл.;true
302;Калининец;Kalininec;Московская обл.;true
303;Калининград;Kaliningrad;Калининградская обл.;true
304;Калтан;Kaltan;Кемеровская обл.;true
305;Калуга;Kaluga;Калужская обл.;true
306;Каменка;Kamenka;Пензенская обл.;true
307;Камень-на-Оби;Kamen-na-Obi;Алтайский край;true
308;Каменск-Шахтинский;Kamensk-SHahtinskij;Ростовская обл.;true
309;Каменск-Уральский;Kamensk-Uralskij;Свердловская обл.;true
310;Камышин;Kamyshin;Волгоградская обл.;true
311;Камышлов;Kamyshlov;Свердловская обл.;true
312;Канаш;Kanash;Чувашия респ.;true
313;Кандалакша;Kandalaksha;Мурманская обл.;true
314;Каневская;Kanevskaya;Краснодарский край;true
315;Канск;Kansk;Красноярский край;true
316;Карачаевск;Karachaevsk;Карачаево-Черкесская респ.;true
317;Карачев;Karachev;Брянская обл.;true
318;Караганда;Karaganda;Карагандинская обл.;true
319;Караганда;Karaganda;Оренбургская обл.;true
320;Карасук;Karasuk;Новосибирская обл.;true
321;Карпинск;Karpinsk;Свердловская обл.;true
322;Карталы;Kartaly;Челябинская обл.;true
323;Кашира;Kashira;Московская обл.;true
324;Касимов;Kasimov;Рязанская обл.;true
325;Каскара;Kaskara;Тюменская обл.;true
326;Каскелен;Kaskelen;Алматинская обл.;true
327;Касли;Kasli;Челябинская обл.;true
328;Каспийск;Kaspijsk;Дагестан респ.;true
329;Казань;Kazan;Татарстан респ.;true
330;Кемерово;Kemerovo;Кемеровская обл.;true
331;Керчь;Kerch;Крым респ.;true
332;Киевский;Kievskij;Московская обл.;true
333;Кимовск;Kimovsk;Тульская обл.;true
334;Кимры;Kimry;Тверская обл.;true
335;Кинель;Kinel;Самарская обл.;true
336;Кинешма;Kineshma;Ивановская обл.;true
337;Кингисепп;Kingisepp;Ленинградская обл.;true
338;Кингисеппский;Kingiseppskyi;Ленинградская обл.;true
339;Киреевск;Kireevsk;Тульская обл.;true
340;Кириши;Kirishi;Ленинградская обл.;true
341;Киров;Kirov;Кировская обл.;true
342;Киров (Калужская обл.);Kirov (Kaluzhskaya obl.);Калужская обл.;true
343;Кирово-Чепецк;Kirovo-CHepeck;Кировская обл.;true
344;Кировск;Kirovsk;Ленинградская обл.;true
345;Кировск;Kirovsk;Мурманская обл.;true
346;Киржач;Kirzhach;Владимирская обл.;true
347;Киселевск;Kiselevsk;Кемеровская обл.;true
348;Кисловодск;Kislovodsk;Ставропольский край;true
349;Кизляр;Kizlyar;Дагестан респ.;true
350;Климовск;Klimovsk;Московская обл.;true
351;Клин;Klin;Московская обл.;true
352;Клинцы;Klincy;Брянская обл.;true
353;Кочубеевское;Kochubeevskoe;Ставропольский край;true
354;Когалым;Kogalym;Ханты-Мансийский авт. округ-Югра;true
355;Кохма;Kohma;Ивановская обл.;true
356;Кокошкино;Kokoshkino;Московская обл.;true
357;Кокшетау;Kokshetau;Акмолинская обл.;true
358;Кольчугино;Kolchugino;Владимирская обл.;true
359;Кольцово;Kolcovo;Новосибирская обл.;true
360;Коледино;Koledino;Московская обл.;true
361;Колоколово;Kolokolovo;Московская обл.;true
362;Коломна;Kolomna;Московская обл.;true
363;Колпино;Kolpino;Ленинградская обл.;true
364;Коммунар;Kommunar;Ленинградская обл.;true
365;Коммунарка;Kommunarka;Московская обл.;true
366;Комсомольск-на-Амуре;Komsomolsk-na-Amure;Хабаровский край;true
367;Конаково;Konakovo;Тверская обл.;true
368;Кондопога;Kondopoga;Карелия респ.;true
369;Кондратово Деревня;Kondratovo Derevnya;Пермский край;true
370;Кондрово;Kondrovo;Калужская обл.;true
371;Копейск;Kopejsk;Челябинская обл.;true
372;Кореновск;Korenovsk;Краснодарский край;true
373;Коргашино;Korgashino;Московская обл.;true
374;Коркино;Korkino;Челябинская обл.;true
375;Королёв;Korolev;Московская обл.;true
376;Корсаков;Korsakov;Сахалинская обл.;true
377;Коряжма;Koryazhma;Архангельская обл.;true
378;Костанай;Kostanaj;Костанайская обл.;true
379;Костомукша;Kostomuksha;Карелия респ.;true
380;Кострома;Kostroma;Костромская обл.;true
381;Кострово;Kostrova;Московская обл.;true
382;Котельники;Kotelniki;Московская обл.;true
383;Котельниково;Kotelnikovo;Волгоградская обл.;true
384;Котлас;Kotlas;Архангельская обл.;true
385;Котово;Kotovo;Волгоградская обл.;true
386;Котовск;Kotovsk;Тамбовская обл.;true
387;Ковдор;Kovdor;Мурманская обл.;true
388;Ковров;Kovrov;Владимирская обл.;true
389;Ковылкино;Kovylkino;Мордовия респ.;true
390;Красково;Kraskovo;Московская обл.;true
391;Красная глинка;Krasnaya glinka;Самарская обл.;true
392;Красная Пахра;Krasnaya Pahra;Московская обл.;true
393;Красная Поляна;Krasnaya Polyana;Краснодарский край;true
394;Красноармейск;Krasnoarmejsk;Московская обл.;true
395;Краснодар;Krasnodar;Краснодарский край;true
396;Красное Село;Krasnoe Selo;Ленинградская обл.;true
397;Красногорск;Krasnogorsk;Московская обл.;true
398;Краснокаменск;Krasnokamensk;Забайкальский край;true
399;Краснокамск;Krasnokamsk;Пермский край;true
400;Краснообск;Krasnoobsk;Новосибирская обл.;true
401;Красноперекопск Город;Krasnoperekopsk Gorod;Крым респ.;true
402;Краснослободск;Krasnoslobodsk;Волгоградская обл.;true
403;Краснотурьинск;Krasnoturinsk;Свердловская обл.;true
404;Красноуфимск;Krasnoufimsk;Свердловская обл.;true
405;Красноуральск;Krasnouralsk;Свердловская обл.;true
406;Красноярск;Krasnoyarsk;Красноярский край;true
407;Краснозаводск;Krasnozavodsk;Московская обл.;true
408;Краснознаменск;Krasnoznamensk;Московская обл.;true
409;Красный;krasnyi;Ростовская обл.;true
410;Красный Бор;Krasnyj Bor;Ленинградская обл.;true
411;Красный Путь;krasnyi pyt;Московская обл.;true
412;Красный Сулин;Krasnyj Sulin;Ростовская обл.;true
413;Красный Воин;Red Film Awards;Московская обл.;true
414;Кратово;Kratovo;Московская обл.;true
415;Кривцово;Krivcovo;Московская обл.;true
416;Кронштадт;Kronshtadt;Ленинградская обл.;true
417;Кропоткин;Kropotkin;Краснодарский край;true
418;Крымск;Krymsk;Краснодарский край;true
419;Крёкшино;Krekshino;Московская обл.;true
420;Кстово;Kstovo;Нижегородская обл.;true
421;Кубинка;Kubinka;Московская обл.;true
422;Кучино;Kuchino;Московская обл.;true
423;Кудиново;Kudinovo;Московская обл.;true
424;Кудьма;Kudma;Нижегородская обл.;true
425;Кудрово;Kudrovo;Ленинградская обл.;true
426;Кудымкар;Kudymkar;Пермский край;true
427;Куйбышев;Kujbyshev;Новосибирская обл.;true
428;Кукмор;Kukmor;Татарстан респ.;true
429;Кулебаки Город;Kylebaki Gorod;Нижегородская обл.;true
430;Кумертау;Kumertau;Башкортостан респ.;true
431;Кунгур;Kungur;Пермский край;true
432;Курчатов;Kurchatov;Курская обл.;true
433;Курган;Kurgan;Курганская обл.;true
434;Курганинск;Kurganinsk;Краснодарский край;true
435;Курилово;Kurilov;Московская обл.;true
436;Куровское;Kurovskoe;Московская обл.;true
437;Курск;Kursk;Курская обл.;true
438;Кущевская;Kushhevskaya;Краснодарский край;true
439;Кушва;Kushva;Свердловская обл.;true
440;Кушва Город;Kyvsha Gorod;Свердловская обл.;true
441;Кувандык;Kuvandyk;Оренбургская обл.;true
442;Кузнечики;Grasshoppers;Московская обл.;true
443;Кузнецк;Kuzneck;Пензенская обл.;true
444;Кузяево;Kuzyaevo;Московская обл.;true
445;Квашенки;Kvashenko;Московская обл.;true
446;Кыштым;Kyshtym;Челябинская обл.;true
447;Кызыл;Kyzyl;Тыва респ.;true
448;Кызылорда;Kyzylorda;Кызылординская обл.;true
449;Лабинск;Labinsk;Краснодарский край;true
450;Лабытнанги;Labytnangi;Ямало-Ненецкий авт. округ;true
451;Лангепас;Langepas;Ханты-Мансийский авт. округ-Югра;true
452;Лапино;Lapin;Московская обл.;true
453;Лазаревское;Lazarevskoe;Краснодарский край;true
454;Лебедянь;Lebedyan;Липецкая обл.;true
455;Ленина;Lenina;Ростовская обл.;true
456;Ленинградская;Leningradskaya;Краснодарский край;true
457;Лениногорск;Leninogorsk;Татарстан респ.;true
458;Ленинск;Leninsk;Волгоградская обл.;true
459;Ленинский;Leninskij;Московская обл.;true
460;Ленинск-Кузнецкий;Leninsk-Kuzneckij;Кемеровская обл.;true
461;Лермонтов;Lermontov;Ставропольский край;true
462;Лешино;Leshino;Московская обл.;true
463;Лесной;Lesnoj;Свердловская обл.;true
464;Лесной Городок;Lesnoj Gorodok;Московская обл.;true
465;Лесосибирск;Lesosibirsk;Красноярский край;true
466;Льгов;Lgov;Курская обл.;true
467;Лигачево;Ligachev;Московская обл.;true
468;Ликино-Дулево;Likino-Dulevo;Московская обл.;true
469;Липецк;Lipeck;Липецкая обл.;true
470;Лиски;Liski;Воронежская обл.;true
471;Ливны;Livny;Орловская обл.;true
472;Лобня;Lobnya;Московская обл.;true
473;Лодейное Поле;Lodejnoe Pole;Ленинградская обл.;true
474;Ломоносов;Lomonosov;Ленинградская обл.;true
475;Лопатино;Lopatin;Московская обл.;true
476;Лосино-Петровский;Losino-Petrovskij;Московская обл.;true
477;Лотошино;Lotoshino;Московская обл.;true
478;Ловцы;Catchers;Московская обл.;true
479;Луга;Luga;Ленинградская обл.;true
480;Луховицы;Luhovicy;Московская обл.;true
481;Львовский;Lvovskij;Московская обл.;true
482;Лянтор;Lyantor;Ханты-Мансийский авт. округ-Югра;true
483;Лысьва;Lysva;Пермский край;true
484;Лыткарино;Lytkarino;Московская обл.;true
485;Люберцы;Lyubercy;Московская обл.;true
486;Люторецкое;Lyutoreckoe;Московская обл.;true
487;Магадан;Magadan;Магаданская обл.;true
488;Магнитогорск;Magnitogorsk;Челябинская обл.;true
489;Махачкала;Mahachkala;Дагестан респ.;true
490;Майкоп;Majkop;Адыгея респ.;true
491;Майский;Majskij;Кабардино-Балкарская респ.;true
492;Малаховка;Malahovka;Московская обл.;true
493;Малоярославец;Maloyaroslavec;Калужская обл.;true
494;Малые Вяземы;Malye Vyazemy;Московская обл.;true
495;Мамыри;Mamyri;Московская обл.;true
496;Марфино (Мытищинский);Marfina (Mytischi);Московская обл.;true
497;Марфино Село;Marfino Selo;Московская обл.;true
498;Мариинск;Mariinsk;Кемеровская обл.;true
499;Марьино;Marino;Московская обл.;true
500;Маркс;Marks;Саратовская обл.;true
501;Марушкино;Marushkino;Московская обл.;true
502;Марусино Деревня;Marysino derevnya;Московская обл.;true
503;Массандра;Massandra;Крым респ.;true
504;Мценск;Mcensk;Орловская обл.;true
505;Медногорск;Mednogorsk;Оренбургская обл.;true
506;Медведево;Medvedevo;Марий Эл респ.;true
507;Медвежьегорск;Medvezhegorsk;Карелия респ.;true
508;Медвежьи Озера;Medvezhi Ozera;Московская обл.;true
509;Мегион;Megion;Ханты-Мансийский авт. округ-Югра;true
510;Мелеуз;Meleuz;Башкортостан респ.;true
511;Менделеево;Mendeleevo;Московская обл.;true
512;Менделеево Рабочий поселок;Mendeleevo Rabochiy Poselok;Московская обл.;true
513;Менделеевск;Mendeleevsk;Татарстан респ.;true
514;Металлострой;Metallostroj;Ленинградская обл.;true
515;Междуреченск;Mezhdurechensk;Кемеровская обл.;true
516;Мглин;Mglin;Брянская обл.;true
517;Миасс;Miass;Челябинская обл.;true
518;Мичуринск;Michurinsk;Тамбовская обл.;true
519;Михайловка;Mihajlovka;Волгоградская обл.;true
520;Михайловск;Mihajlovsk;Ставропольский край;true
521;Михайловская Слобода;Mikhaylovskaya Sloboda;Московская обл.;true
522;Михалково;Mikhalkov;Московская обл.;true
523;Михнево;Mihnevo;Московская обл.;true
524;Миллерово;Millerovo;Ростовская обл.;true
525;Минеральные Воды;Mineralnye Vody;Ставропольский край;true
526;Минск;Minsk;Беларусь;true
527;Минусинск;Minusinsk;Красноярский край;true
528;Мирный;Mirnyj;Архангельская обл.;true
529;Мисайлово;Michailova;Московская обл.;true
530;Мокшино;Mokshino;Тверская обл.;true
531;Молочное;Molochnoe;Вологодская обл.;true
532;Молоково;Molokovo;Московская обл.;true
533;Мончегорск;Monchegorsk;Мурманская обл.;true
534;Монино;Monino;Московская обл.;true
535;Морозовск;Morozovsk;Ростовская обл.;true
536;Моршанск;Morshansk;Тамбовская обл.;true
537;Московка;Moskova;Московская обл.;true
538;Московский;Moskovskij;Московская обл.;true
539;Москва;Moscow;Московская обл.;true
540;Мостовской;Mostovskoj;Краснодарский край;true
541;Моздок;Mozdok;Северная Осетия-Алания респ.;true
542;Можайск;Mozhajsk;Московская обл.;true
543;Можга;Mozhga;Удмуртская респ.;true
544;Муравленко;Muravlenko;Ямало-Ненецкий авт. округ;true
545;Мурино;Murino;Ленинградская обл.;true
546;Мурманск;Murmansk;Мурманская обл.;true
547;Муром;Murom;Владимирская обл.;true
548;Мыски;Myski;Кемеровская обл.;true
549;Мытищи;Mytishhi;Московская обл.;true
550;Набережные Челны;Naberezhnye CHelny;Татарстан респ.;true
551;Надым;Nadym;Ямало-Ненецкий авт. округ;true
552;Нахабино;Nahabino;Московская обл.;true
553;Находка;Nahodka;Приморский край;true
554;Нальчик;Nalchik;Кабардино-Балкарская респ.;true
555;Наро-Фоминск;Naro-Fominsk;Московская обл.;true
556;Нарткала;Nartkala;Кабардино-Балкарская респ.;true
557;Нарьян-Мар;Naryan-Mar;Ненецкий авт. округ;true
558;Нарышкино;Naryshkino;Орловская обл.;true
559;Назарово;Nazarovo;Красноярский край;true
560;Назрань;Nazran;Ингушская респ.;true
561;Нефтегорск;Neftegorsk;Самарская обл.;true
562;Нефтекамск;Neftekamsk;Башкортостан респ.;true
563;Нефтеюганск;Nefteyugansk;Ханты-Мансийский авт. округ-Югра;true
564;Немчиновка;Nemchinovka;Московская обл.;true
565;Нерехта;Nerehta;Костромская обл.;true
566;Нерюнгри;Neryungri;Саха (Якутия) респ.;true
567;Невинномысск;Nevinnomyssk;Ставропольский край;true
568;Невское;Nevskoe;Калининградская обл.;true
569;Невьянск;Nevyansk;Свердловская обл.;true
570;Николо-Хованское;Nikolo-Khovanskoye;Московская обл.;true
571;Никольск;Nikolsk;Пензенская обл.;true
572;Никольское;Nikolskoe;Ленинградская обл.;true
573;Никульское (поселение Рязановское);Nikul (Ryazanovskoe settlement);Московская обл.;true
574;Нижнекамск;Nizhnekamsk;Татарстан респ.;true
575;Нижневартовск;Nizhnevartovsk;Ханты-Мансийский авт. округ-Югра;true
576;Нижний Ломов;Nizhnij Lomov;Пензенская обл.;true
577;Нижний Новгород;Nizhnij Novgorod;Нижегородская обл.;true
578;Нижний Тагил;Nizhnij Tagil;Свердловская обл.;true
579;Нижняя Тура;Nizhnyaya Tura;Свердловская обл.;true
580;Ногинск;Noginsk;Московская обл.;true
581;Ногинск-9;Noginsk-9;Московская обл.;true
582;Норильск;Norilsk;Красноярский край;true
583;Новая Усмань;Novaya Usman;Воронежская обл.;true
584;Новинки (Истринский);New (Estrin);Московская обл.;true
585;Новоалтайск;Novoaltajsk;Алтайский край;true
586;Новоаннинский;Novoanninskij;Волгоградская обл.;true
587;Новочебоксарск;Novocheboksarsk;Чувашия респ.;true
588;Новочеркасск;Novocherkassk;Ростовская обл.;true
589;Новодвинск;Novodvinsk;Архангельская обл.;true
590;Новое Девяткино;Novoe Dytlovo;Ленинградская обл.;true
591;Новое Павлино;Novoe Pavlino;Московская обл.;true
592;Новофедоровское;Novofedorovskoe;Московская обл.;true
593;Новогорелово;Novogorelovo ;Ленинградская обл.;true
594;Новогородово;Novgorodova;Московская обл.;true
595;Новогорск;Novogorsk;Московская обл.;true
596;Новоивановское;Novoivanovskoe;Московская обл.;true
597;Новокубанск;Novokubansk;Краснодарский край;true
598;Новокуйбышевск;Novokujbyshevsk;Самарская обл.;true
599;Новокузнецк;Novokuzneck;Кемеровская обл.;true
600;Новомичуринск;Novomichurinsk;Рязанская обл.;true
601;Новомихайловский;Novomihajlovskij;Краснодарский край;true
602;Новомосковск;Novomoskovsk;Тульская обл.;true
603;Новопетровское (Истринский);Novopetrovskoe (Estrin);Московская обл.;true
604;Новопокровская;Novopokrovskaya;Краснодарский край;true
605;Новороссийск;Novorossijsk;Краснодарский край;true
606;Новоселье Городской поселок;Novoselie Gorodskoy Poselok;Ленинградская обл.;true
607;Новоселки (Чеховский);Novoselki (Chehovskij);Московская обл.;true
608;Новошахтинск;Novoshahtinsk;Ростовская обл.;true
609;Новосибирск;Novosibirsk;Новосибирская обл.;true
610;Ново-Талицы;Novo-Talicy;Ивановская обл.;true
611;Новотитаровская;Novotitarovskaya;Краснодарский край;true
612;Новотроицк;Novotroick;Оренбургская обл.;true
613;Новоульяновск;Novoulyanovsk;Ульяновская обл.;true
614;Новоуральск;Novouralsk;Свердловская обл.;true
615;Нововоронеж;Novovoronezh;Воронежская обл.;true
616;Новозыбков;Novozybkov;Брянская обл.;true
617;Новые Ржавки;New Rzhavka;Московская обл.;true
618;Новый;Novyj;Московская обл.;true
619;Новый Городок (Одинцовский);New Town (Odintsovo);Московская обл.;true
620;Новый Оскол;Novyj Oskol ;Белгородская обл.;true
621;Новый Уренгой;Novyj Urengoj ;Ямало-Ненецкий авт. округ;true
622;Ноябрьск;Noyabrsk;Ямало-Ненецкий авт. округ;true
623;Нурлат;Nurlat;Татарстан респ.;true
624;Нур-Султан;Nyr-Syltan;Акмолинская обл.;true
625;Нягань;Nyagan;Ханты-Мансийский авт. округ-Югра;true
626;Нытва;Nytva ;Пермский край;true
627;Обь;Ob;Новосибирская обл.;true
628;Обнинск;Obninsk;Калужская обл.;true
629;Обухово (Ногинский);Obuhovo;Московская обл.;true
630;Очер;Ocher;Пермский край;true
631;Одинцово (Домодедовский);Odincovo (Domodedovskij);Московская обл.;true
632;Одинцово (Одинцовский);Odincovo;Московская обл.;true
633;Октябрьск;Oktyabrsk;Самарская обл.;true
634;Октябрьский;Oktyabrskij;Башкортостан респ.;true
635;Октябрьский;Oktyabrskij;Краснодарский край;true
636;Октябрьский (Истринский);October (Estrin);Московская обл.;true
637;Октябрьский (Люберецкий);Oktyabrskij;Московская обл.;true
638;Оленегорск;Olenegorsk;Мурманская обл.;true
639;Ольгинка;Olginka;Краснодарский край;true
640;Омск;Omsk;Омская обл.;true
641;Орехово-Зуево;Orehovo-Zuevo;Московская обл.;true
642;Орел;Orel;Орловская обл.;true
643;Оренбург;Orenburg;Оренбургская обл.;true
644;Орск;Orsk;Оренбургская обл.;true
645;Оса;Osa;Пермский край;true
646;Осинники;Osinniki;Кемеровская обл.;true
647;Осиновая Гора;Aspen Mountain;Тульская обл.;true
648;Осташков;Ostashkov;Тверская обл.;true
649;Остров;Ostrov;Псковская обл.;true
650;Островцы Деревня;Ostrovci Derevnay;Московская обл.;true
651;Отеген-Батыр;Otegen-Batyar;Алматинская обл.;true
652;Отрадное;Welcome;Московская обл.;true
653;Отрадное Город;Otradnoe Gorod;Ленинградская обл.;true
654;Отрадный;Otradnyj;Самарская обл.;true
655;Озерск;Ozersk;Челябинская обл.;true
656;Озеры;Ozery;Московская обл.;true
657;Парголово;Pargolovo;Ленинградская обл.;true
658;Партизанск;Partizansk;Приморский край;true
659;Павлодар;Pavlodar;Павлодарская обл.;true
660;Павлово;Pavlovo;Нижегородская обл.;true
661;Павловск;Pavlovsk;Воронежская обл.;true
662;Павловск;Pavlovsk;Ленинградская обл.;true
663;Павловская;Pavlovskaya;Краснодарский край;true
664;Павловская Слобода;Pavlovskaya Sloboda;Московская обл.;true
665;Павловский Посад;Pavlovskij Posad;Московская обл.;true
666;Печора;Pechora;Коми респ.;true
667;Пенза;Penza;Пензенская обл.;true
668;Перепечино;Perepechino;Московская обл.;true
669;Переславль-Залесский;Pereslavl-Zalesskij;Ярославская обл.;true
670;Пересвет;Peresvet;Московская обл.;true
671;Пермь;Perm;Пермский край;true
672;Первомайский;Pervomajskij;Московская обл.;true
673;Первомайский (Коломенский);May Day (Kolomna);Московская обл.;true
674;Первомайское;Pervomaisk;Московская обл.;true
675;Первоуральск;Pervouralsk;Свердловская обл.;true
676;Петергоф;Petrodvorec;Ленинградская обл.;true
677;Петропавловск-Камчатский;Petropavlovsk-Kamchatskij;Камчатский край;true
678;Петрово-Дальнее;Petrovo-Dalnee;Московская обл.;true
679;Петровск;Petrovsk;Саратовская обл.;true
680;Петрозаводск;Petrozavodsk;Карелия респ.;true
681;Пикалёво;Pikalevo;Ленинградская обл.;true
682;Пироговский;Pirogovskij;Московская обл.;true
683;Подолино;Podolino;Московская обл.;true
684;Подольск;Podolsk;Московская обл.;true
685;Подрезково;Podrezkovo;Московская обл.;true
686;Похвистнево;Pohvistnevo;Самарская обл.;true
687;Пойковский;Pojkovskij;Ханты-Мансийский авт. округ-Югра;true
688;Покров (Подольский);Pokrov (Podolskij);Московская обл.;true
689;Покровское;Pokrovskoe;Московская обл.;true
690;Полетаево;Poletaevo;Челябинская обл.;true
691;Полевской;Polevskoj;Свердловская обл.;true
692;Полтавская;Poltavskaya;Краснодарский край;true
693;Полысаево;Polysaevo;Кемеровская обл.;true
694;Поселок Деркул;Poselok Derkyl;Западно-Казахстанская обл.;true
695;Поселок Зачаганск;Poselok Zachagansk;Западно-Казахстанская обл.;true
696;Посёлок мебельной фабрики;Poselok mebelnoy fabriki;Московская обл.;true
697;Поварово;Povarovo;Московская обл.;true
698;Поярково;Poyarkovo;Московская обл.;true
699;Преображенка;Preobrojenka;Самарская обл.;true
700;Приморский;Primorskij;Самарская обл.;true
701;Приморско-Ахтарск;Primorsko-Ahtarsk;Краснодарский край;true
702;Приозерск;Priozersk;Ленинградская обл.;true
703;Прохладный;Prohladnyj;Кабардино-Балкарская респ.;true
704;Прокопьевск;Prokopevsk;Кемеровская обл.;true
705;Пролетарск;Proletarsk;Ростовская обл.;true
706;Протвино;Protvino;Московская обл.;true
707;Псков;Pskov;Псковская обл.;true
708;Птицефабрики;Pticefabriki;Московская обл.;true
709;Птичное;The bird;Московская обл.;true
710;Пучково;Puchkov;Московская обл.;true
711;Пугачев;Pugachev;Саратовская обл.;true
712;Пущино;Pushhino;Московская обл.;true
713;Пушкин;Pushkin;Ленинградская обл.;true
714;Пушкино;Pushkino;Московская обл.;true
715;Путилково;Putilkovo;Московская обл.;true
716;Пятигорск;Pyatigorsk;Ставропольский край;true
717;Пыть-Ях;Pyt-YAh;Ханты-Мансийский авт. округ-Югра;true
718;Радумля;Radomlje;Московская обл.;true
719;Радужный;Raduzhnyj;Московская обл.;true
720;Радужный;Raduzhnyj;Ханты-Мансийский авт. округ-Югра;true
721;Раменский;Ramenskoye;Московская обл.;true
722;Раменское;Ramenskoe;Московская обл.;true
723;Рассказовка;Rasskazovka;Московская обл.;true
724;Рассказово;Rasskazovo;Тамбовская обл.;true
725;Растовцы (Талдомский);Rastovtsy (Taldom);Московская обл.;true
726;Растуново;Rastunovo;Московская обл.;true
727;Развилка;Razvilka;Московская обл.;true
728;Реутов;Reutov;Московская обл.;true
729;Ревда;Revda;Свердловская обл.;true
730;Реж;Rezh;Свердловская обл.;true
731;Родники;Rodniki;Московская обл.;true
732;Рошаль;Roshal;Московская обл.;true
733;Рощино;Roshhino;Ленинградская обл.;true
734;Рославль;Roslavl;Смоленская обл.;true
735;Россошь;Rossosh;Воронежская обл.;true
736;Ростов;Rostov;Ярославская обл.;true
737;Ростов-на-Дону;Rostov-na-Donu;Ростовская обл.;true
738;Ртищево;Rtishhevo;Саратовская обл.;true
739;Рубцовск;Rubcovsk;Алтайский край;true
740;Рудный;Rudnyj;Костанайская обл.;true
741;Румянцево;Rumyancevo;Московская обл.;true
742;Руза;Ruza;Московская обл.;true
743;Рузаевка;Ruzaevka;Мордовия респ.;true
744;Рязань;Ryazan;Рязанская обл.;true
745;Рязановский;Ryazanovskij;Московская обл.;true
746;Ряжск;Ryazhsk;Рязанская обл.;true
747;Рыбинск;Rybinsk;Ярославская обл.;true
748;Рыбное;Rybnoe;Рязанская обл.;true
749;Ржавки;Rzhavki;Московская обл.;true
750;Ржев;Rzhev;Тверская обл.;true
751;Сафоново;Safonovo;Смоленская обл.;true
752;Саларьево;Salarevo;Московская обл.;true
753;Салават;Salavat;Башкортостан респ.;true
754;Салехард;Salehard;Ямало-Ненецкий авт. округ;true
755;Сальск;Salsk;Ростовская обл.;true
756;Салтыковка;Saltykovka;Московская обл.;true
757;Самара;Samara;Самарская обл.;true
758;Самарское;Samarskoe;Ростовская обл.;true
759;Санкт-Петербург;Sankt-Peterburg;Ленинградская обл.;true
760;Саранск;Saransk;Мордовия респ.;true
761;Сарапул;Sarapul;Удмуртская респ.;true
762;Саратов;Saratov;Саратовская обл.;true
763;Саров;Sarov;Нижегородская обл.;true
764;Сатка;Satka;Челябинская обл.;true
765;Сатпаев;Satpaev;Карагандинская обл.;true
766;Саяногорск;Sayanogorsk;Хакасия респ.;true
767;Сегежа;Segezha;Карелия респ.;true
768;село Косшы;selo Kosshi;Акмолинская обл.;true
769;Селятино;Selyatino;Московская обл.;true
770;Семей;Semej;Восточно-Казахстанская обл.;true
771;Семендер;Semender;Дагестан респ.;true
772;Семенов;Semenov;Нижегородская обл.;true
773;Семхоз;Semkhoz;Московская обл.;true
774;Семикаракорск;Semikarakorsk;Ростовская обл.;true
775;Семилуки;Semiluki;Воронежская обл.;true
776;Сердобск;Serdobsk;Пензенская обл.;true
777;Сергиев Посад;Sergiev Posad;Московская обл.;true
778;Сергиевск;Sergievsk;Самарская обл.;true
779;Серов;Serov;Свердловская обл.;true
780;Серпухов;Serpuhov;Московская обл.;true
781;Сертолово;Sertolovo;Ленинградская обл.;true
782;Сестрорецк;Sestroreck;Ленинградская обл.;true
783;Севастополь;Sevastopol;Крым респ.;true
784;Северный;Severnyj;Московская обл.;true
785;Северодвинск;Severodvinsk;Архангельская обл.;true
786;Североморск;Severomorsk;Мурманская обл.;true
787;Североуральск;Severouralsk;Свердловская обл.;true
788;Северск;Seversk;Томская обл.;true
789;Северская;Severskaya;Краснодарский край;true
790;Шадринск;Shadrinsk;Курганская обл.;true
791;Шахтинск;Shahtinsk;Карагандинская обл.;true
792;Шахты;Shahty;Ростовская обл.;true
793;Шарапово;Sharapovo;Московская обл.;true
794;Шарыпово;Sharypovo;Красноярский край;true
795;Шатура;Shatura;Московская обл.;true
796;Щекино;Shhekino;Тульская обл.;true
797;Щелково;Shhelkovo;Московская обл.;true
798;Щербинка;Shherbinka;Московская обл.;true
799;Щигры;Shhigry;Курская обл.;true
800;Шебекино;Shebekino;Белгородская обл.;true
801;Шексна;Sheksna;Вологодская обл.;true
802;Шелехов;Shelehov;Иркутская обл.;true
803;Шлиссельбург;Shlisselburg;Ленинградская обл.;true
804;Шмеленки;Smolenak;Московская обл.;true
805;Шолохово;Sholokhovo;Московская обл.;true
806;Шумерля;Shumerlya;Чувашия респ.;true
807;Шушары;Shushary;Ленинградская обл.;true
808;Шуя;Shuya;Ивановская обл.;true
809;Шымкент;Shymkent;Южно-Казахстанская обл.;true
810;Сибай;Sibaj;Башкортостан респ.;true
811;Симферополь;Simferopol;Крым респ.;true
812;Сходня;Shodnya;Московская обл.;true
813;Сколково;Skolkovo;Московская обл.;true
814;Сланцы;Slancy;Ленинградская обл.;true
815;Славгород;Slavgorod ;Алтайский край;true
816;Славянск-на-Кубани;Slavyansk-na-Kubani;Краснодарский край;true
817;Слободской;Slobodskoj;Кировская обл.;true
818;Смоленск;Smolensk;Смоленская обл.;true
819;Смышляевка;Smyshlyaevka;Самарская обл.;true
820;Снежинск;Snezhinsk;Челябинская обл.;true
821;Снежногорск;Snezhnogorsk;Мурманская обл.;true
822;Собинка;Sobinka;Владимирская обл.;true
823;Сочи;Sochi;Краснодарский край;true
824;Софьино;Sof;Московская обл.;true
825;Софрино;Sofrino;Московская обл.;true
826;Сокол;Sokol;Вологодская обл.;true
827;Соликамск;Solikamsk;Пермский край;true
828;Соль-Илецк;Sol-Ileck;Оренбургская обл.;true
829;Солманово;Salmanovo;Московская обл.;true
830;Солнцево;Solncevo;Московская обл.;true
831;Солнечногорск;Solnechnogorsk;Московская обл.;true
832;Сорочинск;Sorochinsk;Оренбургская обл.;true
833;Сортавала;Sortavala;Карелия респ.;true
834;Сосногорск;Sosnogorsk;Коми респ.;true
835;Сосновоборск;Sosnovoborsk;Красноярский край;true
836;Сосновый Бор;Sosnovyj Bor;Ленинградская обл.;true
837;Советск;Sovetsk;Калининградская обл.;true
838;Советск;Sovetsk;Кировская обл.;true
839;Советская Гавань;Sovetskaya Gavan;Хабаровский край;true
840;Совхоз имени Ленина;Sovxoz imeni Lenina;Московская обл.;true
841;совхоза им Ленина;Sovkhoz im Lenina;Московская обл.;true
842;Спасск-Дальний;Spassk-Dalnij;Приморский край;true
843;Спас-Заулок;Spas-Zaulok;Московская обл.;true
844;Среднеуральск;Sredneuralsk;Свердловская обл.;true
845;Старая Деревня;Staray Derevnay;Ленинградская обл.;true
846;Старая Купавна;Staraya Kupavna;Московская обл.;true
847;Старая Русса;Staraya Russa;Новгородская обл.;true
848;Старбеево;Starbeevo;Московская обл.;true
849;Старый Городок;Old Town;Московская обл.;true
850;Старый Оскол;Staryj Oskol;Белгородская обл.;true
851;Ставрополь;Stavropol;Ставропольский край;true
852;Стерлитамак;Sterlitamak;Башкортостан респ.;true
853;Стрельна;Strelna;Ленинградская обл.;true
854;Стрежевой;Strezhevoj;Томская обл.;true
855;Строитель;Stroitel;Белгородская обл.;true
856;Строитель;Stroitel;Тамбовская обл.;true
857;Стройкерамика;Strojkeramika;Самарская обл.;true
858;Ступино;Stupino;Московская обл.;true
859;Суханово;Sukhanovo;Московская обл.;true
860;Сухой Лог;Suhoj Log;Свердловская обл.;true
861;Суксун;Suksun;Пермский край;true
862;Сургут;Surgut;Ханты-Мансийский авт. округ-Югра;true
863;Суворов;Suvorov;Тульская обл.;true
864;Свердловский;Sverdlovskij;Московская обл.;true
865;Светлогорск;Svetlogorsk;Калининградская обл.;true
866;Светлоград;Svetlograd;Ставропольский край;true
867;Светлый;Svetlyj;Калининградская обл.;true
868;Светлый Яр;Svetlyj YAr;Волгоградская обл.;true
869;Светогорск;Svetogorsk;Ленинградская обл.;true
870;Свитино;Svetina;Московская обл.;true
871;Свободный;Svobodnyj;Амурская обл.;true
872;Сясьстрой;Syasstroj;Ленинградская обл.;true
873;Сыктывкар;Syktyvkar;Коми респ.;true
874;Сысерть;Sysert;Свердловская обл.;true
875;Сызрань;Syzran;Самарская обл.;true
876;Таганрог;Taganrog;Ростовская обл.;true
877;Тайга;Tajga;Кемеровская обл.;true
878;Талдом;Taldom;Московская обл.;true
879;Талдыкорган;Taldyakorgan;Алматинская обл.;true
880;Талгар;Talgar;Алматинская обл.;true
881;Тамбов;Tambov;Тамбовская обл.;true
882;Тара;Tara;Омская обл.;true
883;Тараз;Taraz;Жамбылская обл.;true
884;Таштагол;Tashtagol;Кемеровская обл.;true
885;Татарск;Tatarsk;Новосибирская обл.;true
886;Тавда;Tavda;Свердловская обл.;true
887;Таврическое;Tavricheskoe;Омская обл.;true
888;Тбилисская;Tbilisskaya;Краснодарский край;true
889;Тейково;Tejkovo;Ивановская обл.;true
890;Темиртау;Temirtau;Карагандинская обл.;true
891;Темрюк;Temryuk;Краснодарский край;true
892;Тихорецк;Tihoreck;Краснодарский край;true
893;Тихвин;Tihvin;Ленинградская обл.;true
894;Тимашевск;Timashevsk;Краснодарский край;true
895;Тобольск;Tobolsk;Тюменская обл.;true
896;Тобыл;Tobyl;Костанайская обл.;true
897;Тогучин;Toguchin;Новосибирская обл.;true
898;Толмачево;Tolmachevo;Новосибирская обл.;true
899;Тольятти;Tolyatti;Самарская обл.;true
900;Томилино;Tomilino;Московская обл.;true
901;Томск;Tomsk;Томская обл.;true
902;Топки;Topki;Кемеровская обл.;true
903;Торжок;Torzhok;Тверская обл.;true
904;Тосно;Tosno;Ленинградская обл.;true
905;Троицк;Troick;Московская обл.;true
906;Троицк;Troick;Челябинская обл.;true
907;Троицкое;Trinity;Московская обл.;true
908;Туапсе;Tuapse;Краснодарский край;true
909;Тучково;Tuchkovo;Московская обл.;true
910;Туймазы;Tujmazy;Башкортостан респ.;true
911;Тула;Tula;Тульская обл.;true
912;Тутаев;Tutaev;Ярославская обл.;true
913;Тверь;Tver;Тверская обл.;true
914;Тында;Tynda;Амурская обл.;true
915;Тюмень;Tyumen;Тюменская обл.;true
916;Удомля;Udomlya;Тверская обл.;true
917;Уфа;Ufa;Башкортостан респ.;true
918;Углич;Uglich;Ярославская обл.;true
919;Ухта;Uhta;Коми респ.;true
920;Улан-Удэ;Ulan-Ude;Бурятия респ.;true
921;Ульяновск;Ulyanovsk;Ульяновская обл.;true
922;Унеча;Unecha;Брянская обл.;true
923;Уральск;Uralsk;Западно-Казахстанская обл.;true
924;Урюпинск;Uryupinsk;Волгоградская обл.;true
925;Усинск;Usinsk;Коми респ.;true
926;Усмань;Usman;Липецкая обл.;true
927;Усолье-Сибирское;Usole-Sibirskoe;Иркутская обл.;true
928;Успенское (Одинцовский);Uspenskoe (Odintsov);Московская обл.;true
929;Уссурийск;Ussurijsk;Приморский край;true
930;Усть-Абакан;Ust-Abakan;Хакасия респ.;true
931;Усть-Джегута;Ust-Dzheguta;Карачаево-Черкесская респ.;true
932;Усть-Илимск;Ust-Ilimsk;Иркутская обл.;true
933;Усть-Каменогорск;Ust-Kamenogorsk;Восточно-Казахстанская обл.;true
934;Усть-Кут;Ust-Kut;Иркутская обл.;true
935;Усть-Лабинск;Ust-Labinsk;Краснодарский край;true
936;Уварово;Uvarovo;Тамбовская обл.;true
937;Узловая;Uzlovaya;Тульская обл.;true
938;Валищево;Valishchevo;Московская обл.;true
939;Валуйки;Valujki;Белгородская обл.;true
940;Вардане;Vardane;Краснодарский край;true
941;Ватутинки;Vatutinki;Московская обл.;true
942;Великие Луки;Velikie Luki;Псковская обл.;true
943;Великий Новгород;Velikij Novgorod;Новгородская обл.;true
944;Великий Устюг;Velikij Ustyug;Вологодская обл.;true
945;Вельск;Velsk;Архангельская обл.;true
946;Верещагино;Vereshhagino;Пермский край;true
947;Верхняя Пышма;Verhnyaya Pyshma;Свердловская обл.;true
948;Верхняя Салда;Verhnyaya Salda;Свердловская обл.;true
949;Верхняя Тура;Verhnyaya Tura;Свердловская обл.;true
950;Веселое;Veseloe;Краснодарский край;true
951;Вешки;Veshki;Московская обл.;true
952;Вичуга;Vichuga;Ивановская обл.;true
953;Видное;Vidnoe;Московская обл.;true
954;Вихоревка;Vihorevka;Иркутская обл.;true
955;Владикавказ;Vladikavkaz;Северная Осетия-Алания респ.;true
956;Владимир;Vladimir;Владимирская обл.;true
957;Владивосток;Vladivostok;Приморский край;true
958;Власиха;Vlasiha;Московская обл.;true
959;ВНИИССОК;VNIISSOK;Московская обл.;true
960;Внуково;Vnukovo;Московская обл.;true
961;Волгодонск;Volgodonsk;Ростовская обл.;true
962;Волгоград;Volgograd;Волгоградская обл.;true
963;Волгореченск;Volgorechensk;Костромская обл.;true
964;Волхов;Volhov;Ленинградская обл.;true
965;Володарского;Volodarskogo;Московская обл.;true
966;Вологда;Vologda;Вологодская обл.;true
967;Волоколамск;Volokolamsk;Московская обл.;true
968;Волосово;Volosovo;Ленинградская обл.;true
969;Вольск;Volsk;Саратовская обл.;true
970;Волжск;Volzhsk;Марий Эл респ.;true
971;Волжский;Volzhskij;Волгоградская обл.;true
972;Воркута;Vorkuta;Коми респ.;true
973;Воронеж;Voronezh;Воронежская обл.;true
974;Вороново;Ravens;Московская обл.;true
975;Воровского;Vorovskogo;Московская обл.;true
976;Воскресенск;Voskresensk;Московская обл.;true
977;Воскресенское (Ленинский);Voskresenskoye (Capow);Московская обл.;true
978;Востряково;Vostryakovo;Московская обл.;true
979;Воткинск;Votkinsk;Удмуртская респ.;true
980;Всеволожск;Vsevolozhsk;Ленинградская обл.;true
981;Вятские Поляны;Vyatskie Polyany;Кировская обл.;true
982;Вязьма;Vyazma;Смоленская обл.;true
983;Вязники;Vyazniki;Владимирская обл.;true
984;Выборг;Vyborg;Ленинградская обл.;true
985;Выкса;Vyksa;Нижегородская обл.;true
986;Выселки;Vyselki;Краснодарский край;true
987;Вышний Волочек;Vyshnij Volochek;Тверская обл.;true
988;Высокая Гора;Vysokay gora;Татарстан респ.;true
989;Высоково Деревня;Vysokovo Derevnya;Московская обл.;true
990;Яблоновский;Yablonovskij;Адыгея респ.;true
991;Яхрома;Yahroma;Московская обл.;true
992;Якутск;Yakutsk;Саха (Якутия) респ.;true
993;Ялта;Yalta;Крым респ.;true
994;Ялуторовск;Yalutorovsk;Тюменская обл.;true
995;Ям;Yam;Московская обл.;true
996;Ямская;Ymskay;Московская обл.;true
997;Янаул;Yanaul;Башкортостан респ.;true
998;Янино-1;Ioannina-1;Ленинградская обл.;true
999;Янтарный;Yantarnyj;Калининградская обл.;true
1000;Ярцево;Yarcevo;Смоленская обл.;true
1001;Ярославль;Yaroslavl;Ярославская обл.;true
1002;Ясногорск;Yasnogorsk;Тульская обл.;true
1003;Юдино;Yudino;Московская обл.;true
1004;Юдино;Yudino;Татарстан респ.;true
1005;Югорск;Yugorsk;Ханты-Мансийский авт. округ-Югра;true
1006;Юрга;Yurga;Кемеровская обл.;true
1007;Юрлово;Yurlovo;Московская обл.;true
1008;Южно-Сахалинск;Yuzhno-Sahalinsk;Сахалинская обл.;true
1009;Южноуральск;Yuzhnouralsk;Челябинская обл.;true
1010;Южный город;Yuzhnyy gorod;Самарская обл.;true
1011;Загорянский;Zagoryanskij;Московская обл.;true
1012;Заинск;Zainsk;Татарстан респ.;true
1013;Зайцево (Одинцовский);Zaitsev (Odintsov);Московская обл.;true
1014;Закаменск;Zakamensk;Бурятия респ.;true
1015;Западный;Zapadnyi;Челябинская обл.;true
1016;Заполярный;Zapolyarnyj;Мурманская обл.;true
1017;Зарайск;Zarajsk;Московская обл.;true
1018;Заречье;Zareche;Московская обл.;true
1019;Заречный;Zarechnyj;Пензенская обл.;true
1020;Заречный;Zarechnyj;Свердловская обл.;true
1021;Заринск;Zarinsk;Алтайский край;true
1022;Засечное;Zasechnoe;Пензенская обл.;true
1023;завода Мосрентген;Mosrentgen;Московская обл.;true
1024;Заводоуковск;Zavodoukovsk;Тюменская обл.;true
1025;Заволжье;Zavolzhe;Нижегородская обл.;true
1026;Заворово;Zavorovo;Московская обл.;true
1027;Зеленчукская;Zelenchukskaya;Карачаево-Черкесская респ.;true
1028;Зеленодольск;Zelenodolsk;Татарстан респ.;true
1029;Зеленогорск;Zelenogorsk;Красноярский край;true
1030;Зеленогорск;Zelenogorsk;Ленинградская обл.;true
1031;Зеленоград;Zelenograd;Московская обл.;true
1032;Зеленоградск;Zelenogradsk;Калининградская обл.;true
1033;Зеленокумск;Zelenokumsk;Ставропольский край;true
1034;Зеленый;Zelenyj;Московская обл.;true
1035;Зерноград;Zernograd;Ростовская обл.;true
1036;Зея;Zeya;Амурская обл.;true
1037;Железнодорожный (Подольский);Train (Podolsky);Московская обл.;true
1038;Железногорск;Zheleznogorsk;Красноярский край;true
1039;Железногорск;Zheleznogorsk;Курская обл.;true
1040;Железноводск;Zheleznovodsk;Ставропольский край;true
1041;Жигулевск;Zhigulevsk;Самарская обл.;true
1042;Жилино;Jilino;Московская обл.;true
1043;Жирновск;Zhirnovsk;Волгоградская обл.;true
1044;Жуков;Zhukov;Калужская обл.;true
1045;Жуковка;Zhukovka;Брянская обл.;true
1046;Жуковка;Zhukovka;Московская обл.;true
1047;Жуковский;Zhukovskij;Московская обл.;true
1048;Златоуст;Zlatoust;Челябинская обл.;true
1049;Знаменск;Znamensk;Астраханская обл.;true
1050;Знамя Октября;Znamya Oktyabrya;Московская обл.;true
1051;Звенигород;Zvenigorod;Московская обл.;true
1052;Звездный городок;Zvezdnyj gorodok;Московская обл.;true
1053;Аничково Поселок;Anickovo Poselok;Московская обл.;true
1054;Пирогово Деревня;Pirogovo Derevnya;Московская обл.;true
1055;Софрино Рабочий поселок;Sofrino Rabochiy Poselok;Московская обл.;true
1056;Сапроново Деревня;Sapronovo Derevnya;Московская обл.;true
1057;Малое Карлино;Maloe Karlyno;Ленинградская обл.;true
1058;Битца;Bitza;Московская обл.;true
1059;Иглино;Iglino;Башкортостан респ.;true
1060;Войсковицы Поселок;Voyskovitsy poselok;Ленинградская обл.;true
1061;Детчино Село;Detchino Selo;Калужская обл.;true
1062;Ждановский Поселок;Zhdanovskiy Poselok;Нижегородская обл.;true
1063;Знаменский Поселок;Znamenskiy Poselok;Краснодарский край;true
1064;им. Воровского Рабочий Поселок;im. Vorovskogo Rabochiy Poselok;Московская обл.;true
1065;Калач Город;Kalach Gorod;Воронежская обл.;true
1066;Камышеваха Хутор;Kamyshevakha Khutor;Ростовская обл.;true
1067;Кисельня Деревня;Kiselinya Derevnya;Ленинградская обл.;true
1068;Козельск Город;Kozelisk Gorod;Калужская обл.;true
1069;Красная Глинка Поселок;Krasnaya Glinka Poselok;Самарская обл.;true
1071;Малые Колпаны Деревня;Malyye Kolpany Derevnya;Ленинградская обл.;true
1072;Мяглово Деревня;Myaglovo Derevnya;Ленинградская обл.;true
1073;Новый Свет Поселок;Novyy Svet Poselok;Ленинградская обл.;true
1074;Обухово Рабочий Поселок;Obukhovo Rabochiy Poselok;Московская обл.;true
1075;Петра Дубрава Поселок Городского типа;Petra Dubrava Poselok Gorodskogo tipa;Самарская обл.;true
1076;Российский Поселок;Rossiyskiy Poselok;Краснодарский край;true
1077;Русско-Высоцкое Село;Russko-Vysotskoye Selo;Ленинградская обл.;true
1078;Совхозный Поселок;Sovkhoznyy Poselok;Свердловская обл.;true
1079;Старица Город;Staritsa Gorod;Тверская обл.;true
1081;Тайцы Городской Поселок;Taytsy Gorodskoy Poselok;Ленинградская обл.;true
1082;Товарково Поселок;Tovarkovo Poselok;Калужская обл.;true
1083;Управленческий Поселок;Upravlencheskiy Poselok;Самарская обл.;true
1084;Фаустово Село;Faustovo Selo;Московская обл.;true
1085;Юдино Село;Yudino Selo;Московская обл.;true
1086;Мытищи Город, Птицефабрики Поселок;Mytishchi Gorod, Ptitsefabriki Poselok;Московская обл.;true
1087;Сухиничи Город;Sukhinichi Gorod;Калужская обл.;true
1088;Щемилово Деревня;Shchemilovo Derevnya;Московская обл.;true
1089;Гришенки;Grishenki;Московская обл.;true
1090;Ивня;Ivnya;Белгородская обл.;true
1091;Болохово;Bolohovo;Тульская обл.;true
1092;поселок Иноземцево;poselok Inozemtsevo;Ставропольский край;true
1093;Индустриальный;Industrialnii;Краснодарский край;true
1094;Кременки;Kremeki;Калужская обл.;true
1095;Афонино;Afonino;Нижегородская обл.;true
1096;Валдай;Valday;Новгородская обл.;true
1097;Железноводский;Zheleznovodskiy;Ставропольский край;true
1098;Супонево;Suponevo;Брянская область;true
1099;Еремино деревня;Yeremino Derevnya;Московская обл.;true
1100;Раздоры;Razdory;Московская обл.;true
1101;Ивановское;Ivanovskoye;Московская обл.;true
1102;Иноземцево;Inozemtsevo;Ставропольский край;true
1103;Красное Село;Krasnoe Selo;Ленинградская обл.;true
1104;Южный город (поселок Придорожный);Yuzhnyy gorod (poselok Pridorojnyi);Самарская обл.;true
1105;Старая;Staray;Ленинградская обл.;true
1106;Отрадное;Otradnoe;Ленинградская обл.;true
1107;Бугры;Bygry;Ленинградская обл.;true
1108;Дрезна;Dezna;Московская обл.;true
1109;Марфино;Marfino;Московская обл.;true
1110;Островцы;Ostrovci;Московская обл.;true
1111;Кулебаки;Kylebaki;Нижегородская обл.;true
1112;Новоселье;Novoselie;Ленинградская обл.;true
1113;Ильинское-Усово;Iliinskoe_Ysovo;Московская обл.;true
1114;Марусино;Marysino;Московская обл.;true
1115;Высоково;Vysokovo;Московская обл.;true
1116;Сапроново;Sapronovo;Московская обл.;true
1117;Пирогово;Pirogovo;Московская обл.;true
1118;Аничково;Anickovo;Московская обл.;true
1119;Садовый;Sodovyi;Новосибирская обл.;true
1120;Войсковицы;Voyskovitsy;Ленинградская обл.;true
1121;Кисельня;Kiselinya;Ленинградская обл.;true
1122;Малые Колпаны;Malyye Kolpany;Ленинградская обл.;true
1123;Мяглово;Myaglovo;Ленинградская обл.;true
1124;Новый Свет;Novyy Svet;Ленинградская обл.;true
1125;Обухово;Obukhovo;Московская обл.;true
1126;Русско-Высоцкое;Russko-Vysotskoye;Ленинградская обл.;true
1127;Совхозный;Sovkhoznyy;Свердловская обл.;true
1128;Тайцы;Taytsy;Ленинградская обл.;true
1129;Управленческий;Upravlencheskiy;Самарская обл.;true
1130;Фаустово;Faustovo;Московская обл.;true
1131;Юдино;Yudino;Московская обл.;true
1132;Сухиничи;Sukhinichi;Калужская обл.;true
1133;Щемилово;Shchemilovo;Московская обл.;true
1134;Колюбакино;Kolyubakino;Московская обл.;true
1135;Жаворонки;Zhavoronki;Московская обл.;true
1136;Малые Кабаны;Malye Kabany;Татарстан респ.;true
1136;Есипово;Esipovo;Московская обл.;true
1136;Приветная;Privetnay;Омская обл.;true
1137;Аша;Asha;Челябинская обл.;true
1138;Филимонковское;Filimonkovskoye;Московская обл.;true
1139;Сириус;Sirius;Краснодарский край;true
1140;Мирный;Mirnyj;Московская обл.;true